<?xml version="1.0" encoding="UTF-8" ?>
<!DOCTYPE mapper
  PUBLIC "-//mybatis.org//DTD Mapper 3.0//EN"
  "https://mybatis.org/dtd/mybatis-3-mapper.dtd">
<mapper namespace="co.yedam.mapper.ProductMapper">

	<select id="selectMessage" resultType="string">
	  <![CDATA[
	  select '시험시간은 ' || to_char(sysdate, 'yyyy-mm-dd') || ' 15:00:00 ~ 17:50:00.<br> 현재시간은 ' || to_char(sysdate, 'yyyy-mm-dd hh24:mi:ss')  
	  ]]>
	  from dual
	</select>

	<select id="selectHint" parameterType="string">
	  <![CDATA[
	  select '목록을 출력하는 것으로 시작하는 것이 좋습니다!!.<br> <b> 남은 시간 ' || #{remainTimeString}  || '</b>'  
	  ]]>
	  from dual
	</select>
	
	<select id="selectList" parameterType="co.yedam.vo.ProductVO">
	select prod_image
	       , prd_name
	       , star_point
	       , sale_price
	       , origin_price
	from product_tbl
	</select>
	
</mapper>