<?xml version="1.0" encoding="UTF-8" ?>
<!DOCTYPE tiles-definitions PUBLIC
       "-//Apache Software Foundation//DTD Tiles Configuration 3.0//EN"
       "http://tiles.apache.org/dtds/tiles-config_3_0.dtd">
<tiles-definitions>
  <definition name="myapp.homepage" template="/layouts/classic.jsp">
    <put-attribute name="title" value="Tiles tutorial homepage" />
    <put-attribute name="header" value="/tiles/banner.jsp" />
    <put-attribute name="menu" value="/tiles/common_menu.jsp" />
    <put-attribute name="body" value="/tiles/home_body.jsp" />
    <put-attribute name="footer" value="/tiles/credits.jsp" />
  </definition>
  
    <definition name="user.home" template="/WEB-INF/layout/template.jsp">
    <put-attribute name="title" value="일반 사용자용 템플릿." />
    <put-attribute name="body" value="/WEB-INF/layout/body.jsp" />
  </definition>
  
  <definition name="WILDCARD:board/*" extends="user.home"><!-- WILDCARD 호출 페이지 이름 -->
  <put-attribute name="title" value="111111" />
  <put-attribute name="body" value="/WEB-INF/jsp/{1}.jsp" />
  </definition>
  
    <definition name="admin.home" template="/WEB-INF/layout/templateAdmin.jsp">
    <put-attribute name="title" value="관리자용 템플릿." />
    <put-attribute name="body" value="/WEB-INF/layout/bodyAdmin.jsp" />
  </definition>
  
  <definition name="WILDCARD:admin/*" extends="admin.home"><!-- WILDCARD 호출 페이지 이름 -->
  <put-attribute name="title" value="111111" />
  <put-attribute name="body" value="/WEB-INF/jsp/{1}.jsp" />
  </definition>
  
    <definition name="WILDCARD:*/*" extends="user.home">
  <put-attribute name="title" value="일반사용자 템플릿" />
  <put-attribute name="body" value="/WEB-INF/jsp/{1}/{2}.jsp" />
  </definition>
</tiles-definitions>