<?xml version="1.0" encoding="UTF-8" ?>
<!DOCTYPE configuration
  PUBLIC "-//mybatis.org//DTD Config 3.0//EN"
  "https://mybatis.org/dtd/mybatis-3-config.dtd">
<configuration>

  <properties resource="config/db.properties" />

  <settings>
  	<setting name="mapUnderscoreToCamelCase" value="true"/>
  	<setting name="jdbcTypeForNull" value="NULL"/>
  	<setting name="cacheEnabled" value="false" />
  	<setting name="localCacheScope" value="STATEMENT" />
  </settings>
  
  <typeAliases>
   <typeAlias alias="member" type="com.yedam.vo.MemberVO"/>
   <typeAlias alias="board" type="com.yedam.vo.BoardVO"/>
   <typeAlias alias="reply" type="com.yedam.vo.ReplyVO"/>
  </typeAliases>
  
  <environments default="development">
    <environment id="development">
      <transactionManager type="JDBC"/>
      <dataSource type="POOLED">
        <property name="driver" value="${driver}"/>
        <property name="url" value="${url}"/>
        <property name="username" value="${username}"/>
        <property name="password" value="${password}"/>
      </dataSource>
    </environment>
  </environments>
  <mappers>
    <mapper resource="com/yedam/mapper/MemberMapper.xml"/>
    <mapper resource="com/yedam/mapper/BoardMapper.xml"/>
    <mapper resource="com/yedam/mapper/ReplyMapper.xml"/>
    <mapper resource="com/yedam/mapper/CalendarMapper.xml"/>
  </mappers>
</configuration>