<?xml version="1.0" encoding="UTF-8" ?>
<!DOCTYPE mapper
  PUBLIC "-//mybatis.org//DTD Mapper 3.0//EN"
  "https://mybatis.org/dtd/mybatis-3-mapper.dtd">
<mapper namespace="com.yedam.mapper.MemberMapper">
	<select id="members" resultType="com.yedam.vo.MemberVO">
		select * from tbl_member
	</select>

	<insert id="insertMember" parameterType="com.yedam.vo.MemberVO">
		insert into tbl_member
		(member_id, member_name, password, phone)
		values(#{memberId},#{memberName},#{password},#{phone})
	</insert>

	<update id="updateMember" parameterType="com.yedam.vo.MemberVO">
		<!-- update tbl_member set responsibility = 'User' -->
		update tbl_member set creation_date = creation_date
		<if test="memberName != null">
			,member_name = #{memberName}
		</if>
		<if test="phone != null">
			,phone = #{phone}
		</if>
		<if test="password != null">
			,password = #{password}
		</if>
		where member_id = #{memberId}

	</update>

	<delete id="deleteMember" parameterType="string">
		delete from tbl_member
		where member_id = #{memberId}
	</delete>

	<select id="selectMember" parameterType="string"
		resultType="member">
		select member_id
		,member_name
		,password
		,phone
		,responsibility
		,creation_date
		from tbl_member
		where member_id = #{memberId}
	</select>
	<!-- 로그인  -->
	<select id="loginMember" resultType="com.yedam.vo.MemberVO">
	 select *
	 from tbl_member
	 where member_id = #{id}
	 and password = #{pw}
	</select>
</mapper>