<?xml version="1.0" encoding="UTF-8" ?>
<!DOCTYPE mapper
  PUBLIC "-//mybatis.org//DTD Mapper 3.0//EN"
  "https://mybatis.org/dtd/mybatis-3-mapper.dtd">

<mapper namespace="com.yedam.mapper.ReplyMapper">

	<select id="selectList" parameterType="int"
		resultType="com.yedam.vo.ReplyVO">
		select *
		from tbl_reply
		where board_no = #{boardNo}
	</select>

	<select id="selectListPaging" parameterType="int"
		resultType="com.yedam.vo.ReplyVO">
		select *
		from (select /*+ INDEX_DESC (r pk_reply) */ rownum rn, r.*
		from tbl_reply r
		where board_no = #{bno}) a
		where a.rn > (#{page} - 1)* 5
		<![CDATA[
		and a.rn <= #{page} * 5
		]]>
	</select>

	<insert id="insertReply" parameterType="com.yedam.vo.ReplyVO">
		<selectKey keyProperty="replyNo" order="BEFORE"
			resultType="int">
			select reply_seq.nextval from dual
		</selectKey>
		insert into tbl_reply(reply_no
		,reply
		,replyer
		,board_no )
		values(#{replyNo}
		,#{reply}
		,#{replyer}
		,#{boardNo} )
	</insert>

	<delete id="deleteReply" parameterType="int">
		delete from tbl_reply
		where reply_no = #{replyNo}
	</delete>

	<select id="selectReply" parameterType="int"
		resultType="com.yedam.vo.ReplyVO">
		select *
		from tbl_reply
		where reply_no = #{replyNo}
	</select>
	
	<select id="selectCount" parameterType="int">
	select count(1)
	from tbl_reply
	where board_no = #{boardNo}
	</select>

</mapper>