<?xml version="1.0" encoding="UTF-8" ?>
<!DOCTYPE mapper
  PUBLIC "-//mybatis.org//DTD Mapper 3.0//EN"
  "https://mybatis.org/dtd/mybatis-3-mapper.dtd">
<mapper namespace="com.yedam.mapper.MemberMapper">

  <select id="members" resultType="com.yedam.vo.MemberVO">
    select * from tbl_member
  </select>
  
  <select id="selectMember" resultType="com.yedam.vo.MemberVO">
    select member_id
          ,member_name
          ,password
          ,phone
          ,responsibility
          ,creation_date
    from tbl_member
    where member_id = #{memberId}
  </select>

  <insert id="insertMember" parameterType="com.yedam.vo.MemberVO">
  	insert into tbl_member (member_id, member_name, password, phone)
  	values (#{memberId}, #{memberName}, #{password}, #{phone})
  </insert>
  
  <update id="updateMember" parameterType="com.yedam.vo.MemberVO">
  	update tbl_member
  	set creation_date = creation_date 
  	<if test="memberName != null">
  	  , member_name = #{memberName}
  	</if>
  	<if test="password != null">
  	  , password = #{password}
  	</if>
  	<if test="phone != null">
  	  , phone = #{phone}
  	</if>
  	where member_id = #{memberId}
  </update>
  
  <delete id="deleteMember" parameterType="string">
    delete from tbl_member
    where member_id = #{memberId}
  </delete>
  
  <select id="login" parameterType="string" resultType="member">
    select member_id
          ,member_name
          ,password
          ,phone
          ,responsibility
          ,creation_date
    from tbl_member
    WHERE member_id = #{arg0}
      AND password = #{arg1} <!-- 파라미터가 2개 이상일 때는 param1, param2나 arg0, arg1 등 맞춰서 사용 -->
  </select>
  
</mapper>